subject,exercise,start,end,classified_exercise,classified_execution_type,distance
1,1,45,229,1,1,0.685446920104292
1,1,231,412,1,1,0.624494608150366
1,1,420,578,1,1,0.636975872358316
1,1,592,758,1,1,0.671448965432379
1,1,766,952,1,1,0.68831327132413
1,1,986,1170,1,1,0.720178758674276
1,1,1213,1387,1,1,0.707418161555726
1,1,1408,1581,1,1,0.748351012474976
1,1,1600,1781,1,1,0.740934741778016
1,1,1798,1992,1,1,0.751823312547549
1,1,2597,2660,1,2,0.894557193818532
1,1,2664,2727,1,2,0.797487374419422
1,1,2731,2788,1,2,0.762253913457915
1,1,2794,2861,1,2,0.76736361847997
1,1,2883,2938,1,2,0.937107684014982
1,1,2947,3017,1,2,0.85036377266703
1,1,3030,3107,1,2,0.807528390845202
1,1,3120,3193,1,2,0.78852834137782
1,1,3209,3274,1,2,0.754610985509347
1,1,3289,3354,1,2,0.754255707732923
1,1,4063,4250,1,3,0.629815892967788
1,1,4276,4428,1,3,0.809482191664348
1,1,4463,4629,1,3,1.01339805731641
1,1,4654,4822,1,3,0.783524063084594
1,1,4829,5004,1,3,0.611883414490625
1,1,5034,5181,1,3,0.716222585462783
1,1,5200,5359,1,3,0.840119647771635
1,1,5375,5520,1,3,1.00066431567787
1,1,5526,5675,1,3,0.672860327966776
1,1,5701,5891,1,3,0.800993277703689
1,2,50,214,2,1,2.07814277746221
1,2,254,404,2,1,2.33064676772241
1,2,429,579,2,1,2.26634302678016
1,2,603,758,2,1,2.17432433607067
1,2,781,931,2,1,2.21345250325743
1,2,966,1115,2,1,2.16010540896446
1,2,1336,1509,2,1,2.26866780550523
1,2,1526,1706,2,1,2.26528791748977
1,2,1733,1884,2,1,2.24560438576746
1,2,2562,2638,2,2,2.22777513839337
1,2,2773,2835,2,2,2.23213049576907
1,2,2861,2931,2,2,2.08832537682151
1,2,2961,3031,2,2,2.12794351918133
1,2,3071,3134,2,2,2.12722208517703
1,2,3192,3270,2,2,2.36348274108348
1,2,3311,3384,2,2,2.18115236007536
1,2,3427,3492,2,2,2.14201348667045
1,2,3537,3595,2,2,2.14797406564451
1,2,4170,4215,2,2,2.73857477407297
1,2,4241,4301,2,2,2.68912924423751
1,2,5533,5670,2,1,2.66376245471338
1,2,5703,5845,2,1,2.49095894359221
1,3,267,434,3,1,2.8748094126717
1,3,464,627,3,1,2.82415680775395
1,3,644,808,3,1,2.88337200695421
1,3,1240,1334,3,1,3.01368312993142
1,3,1580,1708,3,1,3.01864435549098
1,3,2542,2613,3,2,3.25317538401538
1,3,2657,2722,3,2,3.21098591429292
1,3,2752,2809,3,2,3.19477583051433
1,3,2834,2902,3,2,3.31399481031573
1,3,2941,3024,3,2,3.34234074077482
1,3,3055,3122,3,2,3.30316164423929
1,3,3162,3248,3,1,2.93109276291488
1,3,3360,3432,3,2,3.25171383206625
1,3,3457,3525,3,2,3.27573590153802
1,3,4626,4762,3,3,3.74165949122049
1,3,4792,4946,3,3,3.82035148960359
1,3,5405,5524,3,3,3.64301425788859
1,4,225,260,4,2,2.087365242212
1,4,298,347,4,2,1.85216829059315
1,4,420,454,4,2,2.07177592119134
1,4,488,533,4,2,2.12220449617334
1,4,685,827,4,1,1.64835023694893
1,4,874,974,4,1,1.91812943993978
1,4,1065,1201,4,1,1.90088278335171
1,4,1356,1396,4,2,2.49370674946702
1,4,1445,1483,4,2,2.45828562035756
1,4,1560,1593,4,2,2.49048293230528
1,4,1663,1697,4,2,2.56950417439881
1,4,2574,2618,4,2,2.4583136082355
1,4,2674,2726,4,2,2.27589497205263
1,4,2753,2810,4,2,2.30345334029129
1,4,2837,2895,4,2,2.35312296653707
1,4,2936,2991,4,2,2.34956340015502
1,4,3038,3093,4,2,2.3618130961685
1,4,3129,3189,4,2,2.37905878805401
1,4,3225,3282,4,2,2.21302835279938
1,4,3325,3377,4,2,2.28027327766532
1,4,3421,3476,4,2,2.32325295185237
1,4,4405,4437,4,2,3.01342699066155
1,4,5192,5225,4,2,3.32463841998775
1,5,189,220,5,2,1.62311510814832
1,5,251,393,5,1,1.45148445440295
1,5,529,561,5,2,1.82200762700234
1,5,704,735,5,2,1.78959521106343
1,5,964,1092,5,1,1.5555479452538
1,5,1128,1233,5,1,1.67158271021097
1,5,1294,1432,5,1,1.58357347883168
1,5,1463,1608,5,1,1.58231536101376
1,5,1640,1770,5,1,1.60562163986896
1,5,2895,2949,5,2,1.82986840935372
1,5,4286,4433,5,3,2.14937097492908
1,5,4708,4795,5,3,2.30693764219947
1,5,4826,4978,5,3,2.17652341847958
1,5,5012,5167,5,3,2.23894975594476
1,5,5204,5352,5,3,2.22998464958444
1,5,5378,5517,5,3,2.16441916175101
1,5,5541,5682,5,3,2.1378438077206
1,5,5708,5840,5,3,2.15448095264157
1,6,36,241,6,1,2.82221202347043
1,6,262,441,6,1,2.87637131202873
1,6,467,679,6,1,2.89956772459617
1,6,725,916,6,1,2.56147569669698
1,6,957,1181,6,1,2.46048809377369
1,6,1213,1393,6,1,2.75190430748275
1,6,1433,1638,6,1,2.61551199485651
1,6,1673,1875,6,1,2.66779916618285
1,6,1905,2099,6,1,2.59001471628876
1,6,2137,2338,6,1,2.70617079380865
1,6,2526,2616,6,2,2.22345880044877
1,6,2629,2700,6,2,2.43665685642321
1,6,2711,2795,6,2,2.46987230384821
1,6,2801,2886,6,2,2.40704859767398
1,6,2890,2987,6,2,2.25627281917087
1,6,2998,3101,6,2,2.30463326861518
1,6,3117,3213,6,2,2.25850734902456
1,6,3224,3318,6,2,2.25232625963782
1,6,3337,3434,6,2,2.28150473362197
1,6,3459,3543,6,2,2.15260902536468
1,6,4046,4194,6,3,3.34554318586234
1,6,4226,4376,6,3,2.22665720927962
1,6,4411,4559,6,3,2.52456314846958
1,6,4590,4732,6,3,2.04152457654156
1,6,4772,4908,6,3,2.47122605007659
1,6,4941,5097,6,3,2.27548556280838
1,6,5127,5278,6,3,2.2180686328528
1,6,5305,5471,6,3,2.28192611887449
1,6,5510,5657,6,3,2.37143517494755
1,6,5696,5852,6,3,2.38141531250049
1,7,54,261,7,1,3.44127173505775
1,7,266,459,7,1,1.58333572832996
1,7,502,681,7,1,1.99463356471121
1,7,723,905,7,1,2.54091510842302
1,7,933,1122,7,1,2.87328657792987
1,7,1138,1324,7,1,3.1260195087552
1,7,1351,1525,7,1,3.39948042951774
1,7,1548,1739,7,1,3.43656320658578
1,7,1761,1947,7,1,3.18715311180253
1,7,1970,2157,7,1,2.8497655936668
1,7,2549,2624,7,2,2.81156803657326
1,7,2638,2713,7,2,2.78152298978981
1,7,2728,2797,7,2,3.19332751459714
1,7,2823,2893,7,2,3.69318551598088
1,7,2920,2995,7,2,3.98001711420324
1,7,3018,3091,7,2,4.06415296090073
1,7,3114,3190,7,2,3.72292113606358
1,7,3236,3283,7,2,4.38455270141351
1,7,3322,3399,7,2,3.91299593098229
1,7,3427,3501,7,2,3.97189507302652
1,7,4025,4198,7,1,6.18401208625514
1,7,4209,4371,7,1,5.86370255435497
1,7,4389,4568,7,1,5.62211013938542
1,7,4582,4760,7,1,5.7005414263757
1,7,4783,4963,7,1,5.71470599989337
1,7,5079,5118,7,2,5.50206792021229
1,7,5159,5326,7,1,5.87948962676782
1,7,5348,5520,7,1,5.79496075209756
1,7,5539,5692,7,1,6.22997288324284
1,7,5714,5886,7,1,6.38255591800671
1,8,89,247,8,1,3.25647404575348
1,8,251,409,8,1,3.02405287441975
1,8,428,599,8,1,3.06584812422515
1,8,615,774,8,1,3.02417655972821
1,8,787,941,8,1,2.65710918196043
1,8,958,1123,8,1,2.58268543270779
1,8,1127,1270,8,1,2.45704596168925
1,8,1286,1435,8,1,2.22432999503721
1,8,1456,1600,8,1,2.23446649843464
1,8,1619,1759,8,1,2.19213323999858
1,8,2888,2934,8,2,2.56149024863651
1,8,3188,3261,8,2,1.96883674626677
1,8,3275,3342,8,2,2.11032521029909
1,8,4087,4149,8,3,2.45622506061283
1,8,4186,4321,8,1,4.09698340844884
1,8,4329,4378,8,2,2.67394423454494
1,8,4377,4492,8,1,4.25274129151556
1,8,4517,4664,8,1,3.85882814192047
1,8,4700,4844,8,1,3.52403832123872
1,8,4866,5033,8,1,3.3097190249214
1,8,5076,5237,8,1,3.0445154696195
1,8,5285,5424,8,1,3.47741790349579
1,8,5500,5599,8,1,4.59613306514988
1,8,5652,5775,8,1,4.74203765540069
2,1,13,141,1,1,1.08152813873565
2,1,165,301,1,1,0.963703513632954
2,1,323,455,1,1,0.906282404785052
2,1,487,622,1,1,1.05522222453968
2,1,649,790,1,1,0.976473381673364
2,1,812,938,1,1,1.16648829994154
2,1,967,1100,1,1,1.24292089114166
2,1,1128,1258,1,1,1.0611768653984
2,1,1277,1395,1,1,1.02999169241553
2,1,1416,1527,1,1,0.97647035149444
2,1,2077,2123,2,2,5.06721363867179
2,1,2203,2254,2,2,5.07446370804732
2,1,2280,2322,2,2,5.06578022389939
2,1,2565,2630,1,2,2.31994154222125
2,1,2643,2707,1,2,2.18758981937095
2,1,2732,2789,1,2,2.10465348542212
2,1,2807,2862,1,2,2.12828171294161
2,1,2884,2945,1,2,1.90469969284428
2,1,2959,3025,1,2,2.02053713154432
2,1,3037,3107,1,2,1.76738227643502
2,1,3120,3172,1,2,2.27010775071005
2,1,3179,3245,1,2,2.00124543721914
2,1,3257,3307,1,2,2.07361532385529
2,1,3596,3636,2,2,5.06007486658106
2,1,3722,3770,2,2,5.04086436695321
2,1,3853,3904,2,2,5.02999130274213
2,1,3923,3968,2,2,5.02544117815361
2,1,3984,4036,2,2,5.03116008854749
2,1,4085,4213,1,3,1.37921386263656
2,1,4243,4370,1,3,1.38948163951152
2,1,4397,4524,1,3,1.43657302087466
2,1,4552,4677,1,3,1.60300042294386
2,1,4698,4812,1,3,1.76550149922689
2,1,4846,4966,1,3,1.58282956111456
2,1,4985,5114,1,3,1.67652600527772
2,1,5131,5245,1,3,1.90225320873956
2,1,5255,5361,1,3,1.52365353523968
2,1,5390,5488,1,3,1.68901347252312
2,2,53,189,2,1,1.7860895424645
2,2,230,363,2,1,1.44395985907989
2,2,409,536,2,1,1.51930122901118
2,2,579,706,2,1,1.85545799545914
2,2,750,868,2,1,1.46090410177025
2,2,904,1030,2,1,1.49270231699411
2,2,1067,1191,2,1,1.55532378737561
2,2,1241,1367,2,1,1.59997062616471
2,2,1415,1538,2,1,1.65537614596278
2,2,1569,1684,2,1,1.5639049503818
2,2,2519,2574,2,2,4.07901358616709
2,2,2584,2658,2,2,1.5769246185923
2,2,2680,2738,2,2,1.60817844053218
2,2,2768,2828,2,2,1.58815956595854
2,2,2854,2919,2,2,1.55564082386787
2,2,2945,2999,2,2,1.32239780063208
2,2,3032,3089,2,2,1.48852840197503
2,2,3114,3168,2,2,1.28793825965401
2,2,3195,3253,2,2,1.28935179413033
2,2,3278,3332,2,2,1.1851718565638
2,2,3356,3413,2,2,1.26437033036181
2,2,3581,3624,2,2,3.96202177137702
2,2,3997,4066,2,3,1.86980438189893
2,2,4112,4233,2,1,2.37471474098895
2,2,4261,4388,2,3,1.30175948644028
2,2,4445,4542,2,1,1.97347352857373
2,2,4667,4713,2,2,3.03578172944169
2,2,4741,4857,2,3,1.21884140374996
2,2,4904,4994,2,3,1.38778616470042
2,2,5029,5092,2,2,2.48274604017984
2,2,5178,5300,2,3,1.12703758747906
2,2,5333,5450,2,1,2.32410726689079
2,2,5477,5584,2,1,2.21402707780301
2,3,128,266,3,1,1.78336866771973
2,3,303,438,3,1,1.66090264512439
2,3,478,588,3,1,1.80733812934646
2,3,633,740,3,1,1.87176561319579
2,3,790,915,3,1,1.77363818795754
2,3,948,1072,3,1,1.7854833092155
2,3,1099,1227,3,1,1.88990797599373
2,3,1256,1384,3,1,1.81430097302671
2,3,1402,1533,3,1,1.63108830088333
2,3,1561,1673,3,1,1.83222005263464
2,3,2575,2632,3,2,2.78041305945453
2,3,2651,2705,3,2,3.11182847049258
2,3,2725,2787,3,2,2.96600931903964
2,3,2807,2860,3,2,2.35747175987934
2,3,2895,2950,3,2,2.27302999066467
2,3,2967,3019,3,2,2.34236483206416
2,3,3040,3092,3,2,2.63146275292077
2,3,3111,3161,3,2,2.37682894180731
2,3,3181,3233,3,2,2.62129267852042
2,3,3264,3316,3,2,2.57117576248723
2,3,4091,4208,3,3,1.71887359165273
2,3,4242,4356,3,3,1.9266652790308
2,3,4390,4436,3,2,4.14860857599047
2,3,4460,4489,3,2,5.13588279190267
2,3,4515,4618,3,3,1.91012211973922
2,3,4657,4757,3,3,2.09555259283441
2,3,4792,4899,3,3,1.95193294257341
2,3,4915,5018,3,3,1.84358801069497
2,3,5041,5145,3,3,1.80172169528974
2,3,5178,5275,3,3,1.76544457832789
2,3,5308,5381,3,3,2.19230795053352
2,4,220,312,4,1,3.57552200681388
2,4,358,455,4,1,3.46631526232667
2,4,485,577,4,1,3.53163491674051
2,4,648,748,4,1,3.67902932699566
2,4,789,883,4,1,3.58674413037201
2,4,920,1015,4,1,3.86203691143186
2,4,1053,1158,4,1,3.65635728704959
2,4,1185,1278,4,1,3.62115161438946
2,4,1312,1414,4,1,3.50139419090166
2,4,2590,2650,4,2,3.86799591533163
2,4,2660,2716,4,2,4.3546864243856
2,4,2731,2790,4,2,3.88012984494783
2,4,2802,2859,4,2,3.66785258000702
2,4,2877,2932,4,1,4.03215113094019
2,4,2954,3012,4,2,3.93995290381944
2,4,3030,3085,4,2,3.77733145459498
2,4,3099,3159,4,2,4.07965465707082
2,4,3172,3231,4,2,4.29219228951191
2,4,3245,3301,4,2,4.39320273977865
2,4,4074,4163,4,3,3.49375556564517
2,4,4203,4292,4,3,3.67158539407778
2,4,4350,4423,4,1,3.78045174198017
2,4,4472,4544,4,1,4.08725202175061
2,4,4590,4663,4,3,3.7530555623601
2,4,4719,4771,4,3,3.82438423973869
2,4,4822,4894,4,3,3.80440937569318
2,4,4934,5013,4,1,3.70057310766639
2,4,5042,5122,4,3,4.00859852501489
2,4,5165,5232,4,3,4.10983836152773
2,5,75,178,5,1,2.54008944232295
2,5,217,311,5,1,2.50962007492765
2,5,357,448,5,1,3.00800045089976
2,5,483,574,5,1,2.6731409244041
2,5,615,702,5,1,2.44201656404969
2,5,751,836,5,1,2.74922457290695
2,5,873,960,5,1,2.46247792616842
2,5,1005,1085,5,1,2.16904273701704
2,5,1136,1221,5,1,2.63484207214731
2,5,1260,1346,5,1,2.43519978540099
2,5,2566,2623,5,2,3.86902703016616
2,5,2634,2688,5,2,2.9937708518981
2,5,2707,2756,5,2,3.44369698477268
2,5,2782,2836,5,1,2.91590107980687
2,5,2858,2909,5,1,2.6924430755487
2,5,2934,2984,5,1,2.97490497049183
2,5,3006,3066,5,2,2.84245198815093
2,5,3084,3136,5,1,2.88984610342717
2,5,3160,3221,5,2,2.89571684585575
2,5,3247,3297,5,2,2.96494476695825
2,5,3599,3633,5,2,5.96084551709288
2,5,3905,3937,5,2,5.96667714516935
2,5,4057,4105,5,2,5.9643155459248
2,5,4141,4180,5,2,4.41237817603638
2,5,4265,4342,5,3,2.51557335442241
2,5,4377,4408,5,2,4.34040043758136
2,5,4486,4561,5,1,3.78764573437322
2,5,4594,4671,5,1,3.65825422998609
2,5,4739,4793,5,3,2.37768594814254
2,5,4825,4855,5,2,4.5246959110903
2,5,4871,4902,5,2,4.21289231120875
2,5,4979,5013,5,2,4.36796444067337
2,5,5058,5128,5,3,2.615472120918
2,5,5162,5197,5,2,4.36079759080611
2,6,64,185,6,1,2.52235117716343
2,6,208,321,6,2,1.56754349478991
2,6,342,441,6,1,2.71987093388098
2,6,464,571,6,1,2.61455763781182
2,6,596,705,6,1,2.68448767940397
2,6,731,843,6,1,2.80891073571414
2,6,877,982,6,1,2.79465856192964
2,6,1023,1136,6,1,3.10559274501565
2,6,1165,1264,6,1,3.19460431801078
2,6,1305,1399,6,1,3.76915215963959
2,6,2608,2658,6,2,4.13660039187182
2,6,2684,2741,6,2,3.81593582022679
2,6,2761,2813,6,2,3.42712666767914
2,6,2830,2876,6,2,3.25202470540744
2,6,2902,2945,6,2,3.1797919187559
2,6,2970,3020,6,2,3.23153006090735
2,6,3044,3087,6,2,3.26181297684364
2,6,3113,3159,6,2,3.52263585754242
2,6,3186,3240,6,2,3.45877892342451
2,6,3255,3295,6,2,3.14110555593642
2,6,4054,4138,6,3,3.09410293294288
2,6,4165,4256,6,3,2.72695671269494
2,6,4290,4387,6,3,2.69489859075459
2,6,4411,4502,6,3,2.26652327623201
2,6,4525,4617,6,3,2.60894417932629
2,6,4661,4729,6,3,3.47686871436549
2,6,4760,4843,6,1,4.97998410603307
2,6,4855,4955,6,3,1.81400803208457
2,6,4976,5047,6,3,2.19045551673659
2,6,5095,5168,6,3,3.02490818840484
2,7,48,165,7,1,2.87859740394455
2,7,183,291,7,1,2.8583490269563
2,7,312,414,7,1,2.98797880766042
2,7,439,531,7,1,3.54551184008164
2,7,567,666,7,1,3.30045245531029
2,7,701,802,7,1,3.25359478373133
2,7,824,919,7,1,3.51165151921508
2,7,940,1036,7,1,3.47893016699962
2,7,1066,1158,7,1,3.58444893611413
2,7,1184,1274,7,1,3.53094198878305
2,7,2584,2634,7,2,3.20243329714768
2,7,2652,2698,7,2,3.69943770123535
2,7,2720,2773,7,2,3.59640734753861
2,7,2794,2845,7,2,3.669512287139
2,7,2871,2923,7,2,3.43526913473706
2,7,2940,2993,7,2,3.4765829839358
2,7,3011,3066,7,2,3.43971026540318
2,7,3081,3136,7,2,3.98315976047201
2,7,3155,3209,7,2,3.62331666542306
2,7,3227,3269,7,2,3.71248679746757
2,7,4056,4148,7,3,2.3564642520198
2,7,4169,4262,7,3,2.26740973333013
2,7,4280,4372,7,3,2.51684385790002
2,7,4382,4465,7,3,2.6746632117077
2,7,4489,4577,7,3,2.46917295183814
2,7,4594,4680,7,3,2.45543445139788
2,7,4689,4781,7,3,2.13202825035747
2,7,4798,4880,7,3,2.61739903830971
2,7,4896,4984,7,3,2.19022803673137
2,7,5003,5090,7,3,2.52576051602823
2,8,41,132,8,1,3.34786541209217
2,8,162,239,8,1,3.08139753261403
2,8,279,361,8,1,3.16737334987964
2,8,390,479,8,1,2.82319103113732
2,8,508,597,8,1,3.12191519841372
2,8,622,705,8,1,3.53738148153934
2,8,732,816,8,1,3.22435175485576
2,8,854,937,8,1,3.27214639689734
2,8,965,1049,8,1,3.24648820843777
2,8,1075,1162,8,1,3.34513701316736
2,8,2599,2630,8,2,3.70417833875189
2,8,2656,2703,8,2,3.57406724097701
2,8,2719,2773,8,2,3.42406388570348
2,8,2790,2839,8,2,3.89559050569956
2,8,2855,2916,8,2,3.09933986022246
2,8,2930,2979,8,2,3.12240184454295
2,8,2999,3048,8,2,3.49742224245958
2,8,3069,3116,8,2,3.67680893668537
2,8,3137,3194,8,1,3.58175765911204
2,8,3209,3260,8,2,3.16089692847068
2,8,4078,4155,8,3,2.64916043448182
2,8,4199,4271,8,3,2.98086257580639
2,8,4299,4380,8,3,2.66236053685458
2,8,4400,4484,8,3,2.54651452477644
2,8,4507,4586,8,3,2.39160679803955
2,8,4611,4683,8,3,2.79424208192626
2,8,4711,4792,8,3,2.5610941146311
2,8,4807,4884,8,3,2.58662542931723
2,8,4907,4978,8,3,2.62911007942572
2,8,5010,5076,8,3,2.9163014643664
3,1,7,148,1,1,0.941425257561434
3,1,186,320,1,1,0.98252902971186
3,1,360,492,1,1,1.04210511425691
3,1,524,663,1,1,0.974930552085409
3,1,688,807,1,1,0.948228731444363
3,1,829,954,1,1,0.887321624461134
3,1,977,1101,1,1,0.953812923793244
3,1,1128,1267,1,1,1.1078493733556
3,1,1297,1441,1,1,0.971679057120095
3,1,1467,1603,1,1,1.09364005268161
3,1,2546,2623,1,3,1.42453901024989
3,1,2639,2701,1,2,1.40936969925577
3,1,2725,2780,1,2,1.32571682880862
3,1,2815,2867,1,2,1.61854264816081
3,1,2890,2948,1,2,1.37057609369048
3,1,2968,3028,1,2,1.40257532055354
3,1,3051,3108,1,2,1.32803753077039
3,1,3131,3185,1,2,1.16422770999233
3,1,3201,3256,1,2,1.35735099299164
3,1,3273,3328,1,2,1.48994892376695
3,1,4042,4175,1,3,0.914550108810816
3,1,4197,4312,1,3,0.797234490209967
3,1,4345,4455,1,3,0.894028348116172
3,1,4486,4600,1,3,1.02160896692504
3,1,4623,4735,1,3,1.07816158933436
3,1,4759,4870,1,3,1.14899497642032
3,1,4909,5010,1,3,0.937477645374521
3,1,5047,5146,1,3,1.11716742527761
3,1,5177,5280,1,3,0.972114728947839
3,1,5300,5412,1,3,1.00482039440882
3,2,55,179,2,1,1.98284413236157
3,2,221,354,2,1,1.96638532587452
3,2,391,514,2,1,1.60729681103288
3,2,564,686,2,1,1.53092323195064
3,2,721,840,2,1,1.56416748883999
3,2,877,1005,2,1,1.69093886157018
3,2,1044,1158,2,1,1.62555446102529
3,2,1212,1333,2,1,1.81090465008505
3,2,1391,1518,2,1,2.05177922793075
3,2,1568,1698,2,1,1.96375262923456
3,2,2556,2612,2,2,2.29352678966554
3,2,2655,2714,2,2,1.97123091205066
3,2,2746,2798,2,2,2.10110053245777
3,2,2829,2889,2,2,2.24066416372268
3,2,2913,2980,2,2,2.48078743001405
3,2,3007,3065,2,2,2.45131724323274
3,2,3101,3146,2,2,2.84418998602723
3,2,3191,3245,2,2,2.63185237859428
3,2,3275,3326,2,2,2.51674448795243
3,2,3367,3426,2,2,2.57053103977182
3,2,4056,4176,2,3,2.24762660905737
3,2,4206,4333,2,3,2.11352445036991
3,2,4377,4473,2,3,1.98456498080802
3,2,4534,4641,2,3,1.9270251231175
3,2,4684,4799,2,3,1.74266382641785
3,2,4849,4964,2,3,1.79107728812618
3,2,5010,5111,2,3,1.87476539678268
3,3,42,197,3,1,2.79276005563719
3,3,232,392,3,1,2.34843608616486
3,3,421,575,3,1,2.45557393167222
3,3,593,752,3,1,2.52978079580837
3,3,780,928,3,1,2.82829315847649
3,3,952,1098,3,1,2.67318742785173
3,3,1138,1290,3,1,3.14101819274727
3,3,1283,1351,3,2,3.09331979554435
3,3,1451,1533,3,2,2.73901652878358
3,3,1635,1720,3,2,2.75833993000578
3,3,1717,1840,3,1,3.21396677995623
3,3,2596,2682,3,2,2.14372049891573
3,3,2709,2799,3,2,2.46409501789706
3,3,2813,2899,3,2,2.08922907969423
3,3,2909,2992,3,2,2.20679616500783
3,3,3002,3085,3,2,2.09306651841489
3,3,3102,3168,3,2,2.44200909322668
3,3,3182,3261,3,2,2.34877028645259
3,3,3279,3348,3,2,2.51798937035057
3,3,3360,3428,3,2,2.32464323441729
3,3,4156,4245,3,2,2.74825097713073
3,3,4327,4412,3,2,2.79493365968433
3,3,4608,4673,3,3,2.5509201019995
3,3,4833,4895,3,2,3.39990998327205
3,3,4988,5051,3,2,3.3329530427309
3,3,5347,5458,3,3,1.69406307732304
3,3,5496,5607,3,3,2.11284652525479
3,4,51,186,4,1,3.80220551154601
3,4,232,349,4,1,4.77489360719626
3,4,374,486,4,1,4.2722982086791
3,4,560,659,4,1,5.28644058525565
3,4,891,989,4,1,5.62757366085713
3,4,1021,1138,4,1,5.63637992402639
3,4,1161,1266,4,1,6.28433961262604
3,4,1314,1418,4,1,5.52579304589185
3,4,1468,1585,4,1,6.19457063902758
3,4,2546,2611,4,2,5.10252143884038
3,4,2628,2686,4,2,5.58277832025718
3,4,2703,2753,4,2,5.87080550440059
3,4,2779,2827,4,2,6.18069376699213
3,4,2860,2916,4,2,5.00799282440471
3,4,2940,2993,4,2,6.23757767701403
3,4,3025,3091,4,2,6.18143175468365
3,4,3106,3164,4,2,6.33058881831277
3,4,3194,3235,4,2,6.59707048824045
3,4,3262,3315,4,2,6.26439119826609
3,4,4207,4241,4,2,7.1437957935783
3,4,4357,4392,4,2,7.61741021609541
3,4,4812,4885,4,1,7.65061520065338
3,5,23,153,5,1,4.58417493368752
3,5,173,281,5,1,3.70733268815386
3,5,319,424,5,1,3.67454902714753
3,5,594,726,5,1,4.34286781229058
3,5,765,853,5,1,5.4641380624177
3,5,1089,1183,5,1,5.10417405732039
3,5,1218,1335,5,1,4.04910762251156
3,5,1354,1468,5,1,4.05274022098545
3,5,2288,2354,5,3,5.75100555935231
3,5,2427,2455,5,2,5.13375726470347
3,5,4243,4330,5,3,4.59462033794545
3,5,4399,4471,5,3,4.46153932692251
3,5,4504,4600,5,1,6.22478003384373
3,5,4646,4748,5,1,4.3934757257349
3,5,4822,4890,5,3,4.19750835704592
3,5,4925,5025,5,3,4.92505498228428
3,5,5055,5156,5,1,5.31410910716818
3,5,5188,5294,5,1,5.13442786081997
3,5,5317,5413,5,1,4.52294190999078
3,6,18,159,6,1,3.91513855326492
3,6,195,319,6,1,4.0139638880367
3,6,361,506,6,1,4.07033144546301
3,6,546,684,6,1,4.03086742914202
3,6,726,868,6,1,4.07910809041436
3,6,895,1026,6,1,4.27226736330151
3,6,1057,1200,6,1,4.19327139903181
3,6,1233,1378,6,1,4.22174509536881
3,6,1401,1537,6,1,4.11345442629341
3,6,1553,1696,6,1,4.02524290345994
3,6,2554,2621,6,2,2.9500519381163
3,6,2630,2692,6,2,3.30102609107312
3,6,2696,2767,6,2,3.26820360433604
3,6,2778,2845,6,2,3.42339167895985
3,6,2859,2920,6,2,3.28422456595017
3,6,2937,3003,6,2,3.33239899094424
3,6,3021,3087,6,2,3.55711454034712
3,6,3107,3168,6,2,3.33078894423818
3,6,3177,3239,6,2,3.39830285058739
3,6,3256,3318,6,2,3.16360335368833
3,6,4062,4193,6,3,2.51891081796061
3,6,4223,4353,6,3,2.69674231448338
3,6,4376,4503,6,3,3.01453315147016
3,6,4532,4652,6,3,2.89296153463313
3,6,4723,4786,6,3,4.3034287078433
3,6,4828,4949,6,1,6.43908501838648
3,6,4978,5116,6,1,5.66397506069961
3,6,5135,5267,6,1,6.10721929224545
3,6,5467,5598,6,1,6.27293823550076
3,7,16,148,7,1,3.13381866189326
3,7,168,296,7,1,2.1318366466431
3,7,330,446,7,1,2.64563798494149
3,7,475,601,7,1,2.35689273975154
3,7,648,777,7,1,2.57979946287859
3,7,804,938,7,1,2.0388374850451
3,7,980,1107,7,1,2.39612795756016
3,7,1144,1258,7,2,1.35097370005902
3,7,1306,1441,7,1,2.81274013393165
3,7,1474,1603,7,1,3.09922132404115
3,7,2558,2618,7,2,4.036956677533
3,7,2638,2697,7,2,3.80575362752679
3,7,2724,2783,7,2,3.58554716286436
3,7,2812,2872,7,2,3.58886818962472
3,7,2895,2961,7,2,3.03213404400373
3,7,2984,3051,7,2,3.35597226951327
3,7,3069,3133,7,2,3.01001916082124
3,7,3147,3213,7,2,3.35878134456242
3,7,3231,3293,7,2,3.5282243699067
3,7,3312,3377,7,2,3.42343219360241
3,7,4070,4172,7,3,3.04156207754392
3,7,4216,4343,7,3,2.41145683459705
3,7,4377,4513,7,3,2.28933426687039
3,7,4543,4677,7,3,2.32405533864762
3,7,4705,4831,7,3,2.64709059800456
3,7,4865,4948,7,3,3.23612128257622
3,7,4995,5123,7,3,2.50175443303568
3,7,5149,5269,7,3,2.64875555531866
3,7,5296,5411,7,3,2.55248843391857
3,7,5438,5548,7,1,6.9947287203665
3,8,29,160,8,1,1.65216372732399
3,8,194,317,8,1,1.16680938359648
3,8,367,476,8,1,2.07260446524985
3,8,510,654,8,1,1.60602312876209
3,8,685,814,8,1,1.49841017776697
3,8,846,967,8,1,1.27989721709452
3,8,1008,1144,8,1,1.34501024624564
3,8,1176,1307,8,1,1.55499103550882
3,8,1350,1465,8,1,2.03242734344432
3,8,1494,1621,8,1,1.30051989827089
3,8,2546,2599,8,2,2.0447075969086
3,8,2624,2668,8,2,2.43917966216847
3,8,2695,2746,8,2,1.87214853754205
3,8,2774,2831,8,2,2.18640896289706
3,8,2857,2917,8,2,1.64223159488972
3,8,2934,2986,8,2,1.90258322125171
3,8,3011,3056,8,2,2.26890412514506
3,8,3076,3130,8,2,1.7960668834373
3,8,3162,3213,8,2,2.32753725613193
3,8,3224,3294,8,2,1.60838059651497
3,8,4065,4131,8,3,2.81711647910656
3,8,4212,4359,8,1,4.09016115868356
3,8,4402,4465,8,3,2.76554908345087
3,8,4463,4534,8,1,4.92108157213891
3,8,4578,4691,8,3,2.66349410151994
3,8,4736,4849,8,3,2.74874032539295
3,8,4893,4954,8,3,3.0262040552604
3,8,4983,5021,8,2,4.42685016953057
3,8,5064,5175,8,3,2.91910127376915
3,8,5212,5324,8,3,3.12596881558865
3,8,5356,5484,8,1,5.3348089817829
3,8,5553,5668,8,3,3.10613320684152
4,1,24,191,1,1,1.21604565445946
4,1,193,352,1,1,1.16101593484511
4,1,374,511,1,1,1.14287035736685
4,1,527,676,1,1,1.1962909621884
4,1,686,852,1,1,1.15054772611978
4,1,879,1029,1,1,1.20772914201855
4,1,1051,1203,1,1,1.26217928510961
4,1,1219,1383,1,1,1.2550660547911
4,1,1391,1559,1,1,1.16342451414018
4,1,1580,1736,1,1,1.32446571530734
4,1,2548,2655,1,3,1.45083309116858
4,1,2673,2766,1,3,1.48986068756906
4,1,2781,2870,1,1,1.61500083401268
4,1,2870,2965,1,1,1.57980891175638
4,1,2977,3057,1,3,1.61318077531249
4,1,3076,3155,1,3,1.58016450063642
4,1,3174,3262,1,3,1.53708415160369
4,1,3279,3363,1,3,1.59249579656578
4,1,3397,3479,1,3,1.71441237591508
4,1,3510,3592,1,3,1.77992141261187
4,1,4051,4210,1,3,1.72743216543383
4,1,4238,4382,1,3,1.83060416079362
4,1,4405,4561,1,3,1.82345033362287
4,1,4593,4739,1,3,1.84940633918565
4,1,4757,4902,1,3,1.81973931743515
4,1,4926,5069,1,3,1.76211738131046
4,1,5081,5229,1,3,1.76463452001416
4,1,5245,5398,1,3,1.76897500101835
4,1,5418,5566,1,3,1.75490622839185
4,1,5601,5761,1,3,1.82519367883528
4,2,15,176,2,1,0.708405844477807
4,2,182,315,2,1,0.698860471854955
4,2,337,481,2,2,0.782224027312103
4,2,512,641,2,2,1.25568216392
4,2,695,856,2,2,1.9130061662887
4,2,924,1024,2,1,3.17054848713934
4,2,1081,1195,2,1,2.94641470157936
4,2,1214,1354,2,1,2.67972016137981
4,2,1559,1680,2,1,2.82384155791039
4,2,1778,1824,2,2,4.22722982832737
4,2,2534,2591,2,2,2.97333931806797
4,2,2620,2676,2,2,2.85529480067148
4,2,2696,2767,2,2,2.94692530632089
4,2,2777,2869,2,1,2.78929871254789
4,2,2895,2971,2,2,2.7057445913528
4,2,2991,3072,2,3,2.97118194159434
4,2,3095,3177,2,2,3.36544836216121
4,2,3187,3277,2,1,2.94323139083054
4,2,3284,3353,2,2,3.08612650200982
4,2,3372,3442,2,2,3.2908794666893
4,2,4034,4149,2,3,3.1371274524606
4,2,4173,4294,2,3,3.30667782599479
4,2,4338,4454,2,3,3.58827994874967
4,2,4477,4587,2,3,3.72069003913033
4,2,4620,4750,2,3,3.95352185522747
4,2,4777,4895,2,3,4.10674046944471
4,2,4926,5036,2,3,4.07825863112417
4,2,5066,5175,2,1,4.30438566860237
4,2,5205,5314,2,3,4.21897995967821
4,2,5345,5455,2,3,4.33369158575873
4,3,28,157,3,1,0.897744749752566
4,3,191,316,3,1,0.929893461541284
4,3,348,470,3,1,0.860583939227193
4,3,505,613,3,1,0.957627024797153
4,3,647,755,3,1,1.13208336478479
4,3,788,902,3,1,1.02529234415059
4,3,939,1051,3,1,0.968044702749633
4,3,1085,1193,3,1,0.987342873592315
4,3,1226,1331,3,1,1.14418026608452
4,3,1369,1496,3,1,1.13534175086575
4,3,2582,2651,3,2,1.01082701878796
4,3,2661,2731,3,2,1.04290239152827
4,3,2743,2819,3,1,0.945049333626333
4,3,2835,2902,3,2,1.06760349813086
4,3,2916,2987,3,3,1.10765179422235
4,3,2999,3061,3,2,1.10346832433213
4,3,3071,3135,3,2,1.03262104015317
4,3,3140,3211,3,3,1.15699808696829
4,3,3212,3281,3,2,1.1041579462918
4,3,3286,3359,3,2,1.19389529192721
4,3,4050,4159,3,3,0.655328741513794
4,3,4184,4308,3,3,0.618229437874649
4,3,4325,4445,3,3,0.60021641422955
4,3,4476,4585,3,3,0.729977587480331
4,3,4600,4723,3,3,0.6869741851129
4,3,4741,4871,3,3,0.710433581835726
4,3,4893,5020,3,3,0.688067605441647
4,3,5046,5170,3,3,0.771350795369161
4,3,5190,5310,3,3,0.779133579827484
4,3,5345,5456,3,3,0.902848089638285
4,4,33,159,4,1,1.98732622836778
4,4,183,316,4,1,1.80615274685253
4,4,344,472,4,1,1.56609321905186
4,4,493,599,4,1,1.92146785649108
4,4,616,740,4,1,1.82231688804449
4,4,790,908,4,1,2.55275973257466
4,4,940,1057,4,1,2.50411143433491
4,4,1105,1218,4,1,2.84362406228525
4,4,1264,1378,4,1,2.85682731910783
4,4,1477,1559,4,1,3.16078329501241
4,4,2548,2600,4,2,3.43626291604692
4,4,2623,2680,4,2,3.75192529548171
4,4,2701,2742,4,2,3.60652266461853
4,4,2759,2804,4,2,3.61924667478862
4,4,2839,2877,4,2,3.8457012149998
4,4,2898,2948,4,2,3.82348240080354
4,4,2985,3026,4,2,3.80113013002295
4,4,3056,3101,4,2,3.92609119539242
4,4,3136,3186,4,2,3.98495337126425
4,4,3209,3260,4,2,3.90992408877135
4,4,4235,4316,4,3,3.87036530734417
4,4,4494,4536,4,2,4.37506830226474
4,4,4794,4827,4,2,4.64915854437634
4,5,90,213,5,1,1.21891182773414
4,5,226,354,5,1,1.24538142433503
4,5,374,489,5,1,1.34620759074516
4,5,512,638,5,1,1.32328106599486
4,5,652,785,5,1,1.47640179421391
4,5,801,929,5,1,1.5105633618131
4,5,1088,1209,5,1,1.79159042902036
4,5,1239,1353,5,1,1.61853486297279
4,5,2643,2682,5,2,2.60523443536672
4,5,2702,2769,5,2,2.98204184369708
4,5,2772,2830,5,2,2.85907814699708
4,5,3070,3139,5,2,3.0873024368519
4,5,3499,3538,5,2,2.42330547274619
4,6,30,164,6,1,1.76576367262356
4,6,186,319,6,1,1.61536994163894
4,6,313,357,6,2,1.65690412178053
4,6,434,504,6,2,1.44507493126933
4,6,501,602,6,1,1.41577651762166
4,6,618,741,6,1,1.53284942989058
4,6,758,888,6,1,1.38734921518712
4,6,905,1034,6,1,1.52977111611365
4,6,1051,1183,6,1,1.57869862802727
4,6,1177,1218,6,2,1.60685966169527
4,6,1217,1326,6,1,1.66978794411277
4,6,1351,1479,6,1,1.49469850950847
4,6,2606,2680,6,1,1.94592244526381
4,6,2726,2789,6,2,2.08059795012743
4,6,2798,2859,6,2,2.16450274561083
4,6,2873,2935,6,2,2.16397899930252
4,6,2980,3051,6,1,1.96766711211188
4,6,3048,3091,6,2,2.11009675473156
4,6,3104,3164,6,2,2.1774065903128
4,6,3215,3284,6,1,2.24040343828494
4,6,4047,4170,6,3,2.66765082794263
4,6,4176,4285,6,3,2.64942946466691
4,6,4298,4405,6,3,2.55992339783905
4,6,4422,4522,6,3,2.70745144922179
4,6,4541,4644,6,3,2.94219765276666
4,6,4657,4766,6,3,2.8324890184345
4,6,4790,4901,6,3,2.89871301156707
4,6,4921,5033,6,3,2.92795411041528
4,6,5060,5166,6,3,2.94169782035947
4,6,5192,5304,6,3,3.21071198068738
4,7,24,149,7,1,1.43109631911084
4,7,160,288,7,1,1.319614800946
4,7,308,429,7,1,1.60070866669456
4,7,448,587,7,1,1.49490492891104
4,7,605,753,7,1,1.43539518888203
4,7,774,919,7,1,1.36624441645904
4,7,940,1083,7,1,1.41249650955432
4,7,1097,1246,7,1,1.42067488241097
4,7,1267,1408,7,1,1.546399883397
4,7,1430,1562,7,1,1.68676420617574
4,7,2581,2637,7,2,2.05089354027094
4,7,2647,2703,7,2,2.16081038822904
4,7,2713,2759,7,2,2.35702121807513
4,7,2771,2827,7,2,2.07035592333066
4,7,2838,2897,7,2,2.14864554607713
4,7,2914,2973,7,2,1.78134298124262
4,7,2991,3049,7,2,2.11929238835567
4,7,3055,3115,7,2,1.98627809621942
4,7,3132,3193,7,2,1.74610080651908
4,7,3209,3283,7,2,1.75924890262665
4,7,4052,4160,7,3,1.43144195966311
4,7,4178,4282,7,3,1.46302289555009
4,7,4303,4413,7,3,1.62316672817356
4,7,4434,4541,7,3,1.22028548068359
4,7,4569,4664,7,3,1.38261389263341
4,7,4677,4802,7,3,1.01088395506834
4,7,4822,4925,7,3,1.27299120838366
4,7,4927,5057,7,3,1.02112801917618
4,7,5077,5193,7,3,1.25310899521258
4,7,5200,5323,7,3,1.30166756906146
4,8,48,165,8,1,2.74106287554404
4,8,194,308,8,1,2.61206227618708
4,8,322,422,8,1,2.72100114960201
4,8,446,548,8,1,2.50827924689586
4,8,570,671,8,1,2.71124868605813
4,8,700,807,8,1,2.82103064672052
4,8,824,936,8,1,2.89548166234582
4,8,952,1066,8,1,2.90731772999993
4,8,1085,1188,8,1,3.25102795458361
4,8,1213,1322,8,1,3.60229674381955
4,8,2596,2671,8,1,2.78674407779807
4,8,2680,2718,8,2,2.39023950025103
4,8,2736,2778,8,2,2.33290120984747
4,8,2790,2841,8,2,2.37795065810138
4,8,2860,2900,8,2,2.72265964461003
4,8,2916,2968,8,2,2.81822310383503
4,8,2983,3037,8,2,2.59340520909798
4,8,3048,3099,8,2,2.7444162824708
4,8,3114,3167,8,2,2.97125791876406
4,8,3184,3244,8,2,3.06413346182603
4,8,4089,4207,8,3,1.73075992054866
4,8,4220,4333,8,3,1.64197574534021
4,8,4354,4457,8,3,1.78941772152209
4,8,4467,4577,8,3,1.82595103935088
4,8,4590,4703,8,3,1.78200460901913
4,8,4731,4842,8,3,1.86978176963815
4,8,4858,4959,8,3,1.89613738948679
4,8,4984,5090,8,3,2.03418519805643
4,8,5120,5236,8,3,2.01635576606742
4,8,5276,5391,8,3,2.08385554322137
5,1,22,132,1,1,1.75397280787572
5,1,153,254,1,1,1.9008151018646
5,1,276,386,1,1,1.57224089082541
5,1,393,491,1,1,1.62077105476579
5,1,519,623,1,1,1.79627920719104
5,1,641,739,1,1,1.84193259395288
5,1,744,847,1,1,1.74945838079991
5,1,849,951,1,1,1.71799019716716
5,1,964,1052,1,1,1.80569555671857
5,1,1060,1162,1,1,1.78840280531041
5,1,2097,2140,2,2,5.0683330994158
5,1,2555,2616,1,2,3.15655682929926
5,1,2613,2683,1,2,1.93235855254302
5,1,2695,2744,1,2,2.31852871462649
5,1,2754,2808,1,2,2.21311561267839
5,1,2821,2878,1,2,1.93370018855159
5,1,2890,2951,1,2,2.12436417706605
5,1,2955,3003,1,2,2.2363628577343
5,1,3015,3085,1,2,1.77306180356014
5,1,3094,3155,1,2,1.86869289526396
5,1,3159,3218,1,2,1.98632073809187
5,1,3342,3415,2,3,3.87397107748548
5,1,4083,4192,1,3,1.24268807890292
5,1,4202,4306,1,3,1.19702322448519
5,1,4318,4412,1,3,1.23717344984949
5,1,4427,4528,1,3,1.15704749599086
5,1,4544,4630,1,3,1.32765135962864
5,1,4648,4739,1,3,1.4566601023374
5,1,4739,4841,1,3,1.37960322429482
5,1,4840,4938,1,3,1.29443119086982
5,1,4943,5034,1,3,1.34785174619594
5,1,5055,5129,1,3,1.8024283189037
5,2,32,143,2,2,1.51052509807213
5,2,188,285,2,1,2.03162724803786
5,2,333,420,2,1,2.45493415355703
5,2,463,568,2,1,2.56909570362455
5,2,607,701,2,1,2.41672470198415
5,2,740,846,2,1,2.51470229057586
5,2,880,977,2,1,2.47321181136877
5,2,1007,1108,2,1,2.68556358373654
5,2,1141,1251,2,1,2.9489045049273
5,2,1274,1392,2,1,3.09124297555392
5,2,2560,2623,2,2,3.17396848694052
5,2,2646,2709,2,2,3.36131676176867
5,2,2735,2807,2,1,3.3217177684284
5,2,2830,2892,2,2,3.55344471657977
5,2,2917,2973,2,2,3.74513602870829
5,2,3002,3066,2,2,4.24246437358172
5,2,3088,3147,2,2,4.51272833886203
5,2,3174,3230,2,2,4.44056851786019
5,2,3262,3323,2,2,4.20280224607575
5,2,3347,3408,2,2,4.25772562731183
5,2,4077,4166,2,3,4.49950825103958
5,2,4199,4291,2,3,4.4219830854554
5,2,4320,4411,2,3,4.61124690955979
5,2,4436,4526,2,3,4.61922391087695
5,2,4552,4630,2,3,4.62037824406155
5,2,4659,4752,2,3,4.7296151960027
5,2,4769,4851,2,3,4.71449424404149
5,2,4897,4965,2,3,4.62364504756709
5,2,4999,5076,2,3,4.86446206834181
5,2,5112,5191,2,3,4.90388635284999
5,3,56,168,3,1,2.45581163249542
5,3,192,299,3,1,2.41863923055624
5,3,323,433,3,1,2.07396913871724
5,3,458,540,3,1,2.41685281217574
5,3,579,658,3,1,2.38635332502876
5,3,713,804,3,1,2.960241433606
5,3,826,933,3,1,2.88080533113776
5,3,945,1054,3,1,3.09149415661489
5,3,1070,1156,3,1,3.05635652833662
5,3,1197,1286,3,1,3.11168513247576
5,3,2590,2647,3,2,4.51422464906952
5,3,2648,2705,3,2,3.88750675234341
5,3,2714,2769,3,2,3.98587813603896
5,3,2775,2836,3,2,3.10819493635863
5,3,2849,2902,3,2,3.61027337059212
5,3,2921,2959,3,2,4.26595316081245
5,3,2990,3042,3,2,4.10994219541202
5,3,3059,3120,3,1,4.08784338662139
5,3,3133,3191,3,2,4.39427836439645
5,3,3203,3249,3,2,4.77719647903499
5,3,4115,4195,3,3,3.21041515604171
5,3,4209,4297,3,3,3.51443400369586
5,3,4311,4395,3,3,2.93012299601279
5,3,4422,4505,3,3,3.43844073248743
5,3,4529,4606,3,3,3.56720480309078
5,3,4638,4719,3,3,3.63294374117565
5,3,4735,4835,3,3,3.32817819018501
5,3,4853,4939,3,3,2.80082245048401
5,3,4969,5036,3,3,3.52635557984714
5,3,5052,5096,3,2,7.54900658475787
5,4,52,159,4,1,2.04458009976499
5,4,177,273,4,1,2.17620357143947
5,4,299,388,4,1,2.71867688295457
5,4,409,502,4,1,2.36806682035389
5,4,520,615,4,1,2.18906546703618
5,4,645,737,4,1,2.51859515578573
5,4,757,845,4,1,2.76401763362314
5,4,866,963,4,1,2.07166685146015
5,4,985,1079,4,1,2.35303002461113
5,4,1097,1194,4,1,2.49023609042076
5,4,2597,2641,4,2,4.30483046878039
5,4,2656,2699,4,2,4.15595299288941
5,4,2712,2760,4,2,3.65488564076703
5,4,2773,2820,4,2,3.71075679066539
5,4,2836,2884,4,2,4.17264118723036
5,4,2897,2947,4,2,3.63894546084832
5,4,2964,3010,4,2,4.23573553177077
5,4,3025,3074,4,2,3.89093088762226
5,4,3084,3134,4,2,3.44236201463468
5,4,3154,3199,4,2,4.78385513951947
5,4,4103,4182,4,3,3.48938070882628
5,4,4214,4289,4,3,3.83827089547793
5,4,4315,4380,4,3,3.91149491296278
5,4,4420,4492,4,3,3.76459465560866
5,4,4513,4593,4,3,3.89774018949954
5,4,4614,4694,4,3,3.58456774882843
5,4,4722,4796,4,3,3.79960503119301
5,4,4821,4901,4,1,5.80415177013939
5,4,4920,4998,4,3,3.87425188967522
5,4,5028,5080,4,3,3.82619494648491
5,5,62,162,5,1,3.03964216852636
5,5,177,265,5,1,2.85816910162156
5,5,295,382,5,1,3.28434982215204
5,5,402,488,5,1,3.27729908349867
5,5,509,598,5,1,3.20088010983168
5,5,623,705,5,1,3.47175505982577
5,5,729,813,5,1,3.5398491387693
5,5,838,915,5,1,3.93898420319184
5,5,934,1016,5,1,3.43800155576318
5,5,1031,1117,5,1,3.24341746215439
5,5,2050,2096,5,3,6.0708156506149
5,5,2571,2619,5,2,3.8717304112622
5,5,2617,2673,5,2,3.54409220172219
5,5,2690,2732,5,2,4.60015929601028
5,5,2734,2789,5,1,3.27436746135504
5,5,2802,2853,5,2,4.34662570465087
5,5,2865,2920,5,1,3.25291798734759
5,5,2929,2985,5,1,3.17709723442975
5,5,2991,3043,5,2,3.7771029072085
5,5,3060,3102,5,2,4.39196327956356
5,5,3112,3163,5,2,4.23270285218786
5,5,4087,4172,5,3,2.91966663184644
5,5,4180,4265,5,3,2.95781947771014
5,5,4284,4363,5,3,2.86106643817804
5,5,4386,4469,5,3,3.02229511573145
5,5,4487,4571,5,3,3.15374791036506
5,5,4600,4671,5,3,3.05101499906675
5,5,4691,4771,5,3,3.26635694277222
5,5,4787,4860,5,3,3.2487167130509
5,5,4880,4955,5,3,3.12655841872082
5,5,4967,5046,5,3,3.22488775985228
5,6,41,127,6,1,2.55817664997713
5,6,171,251,6,1,3.13183139733987
5,6,281,368,6,1,2.80641335031761
5,6,395,480,6,1,2.46246823324879
5,6,504,591,6,1,2.58549935618307
5,6,626,709,6,1,3.15079638432042
5,6,747,829,6,1,2.95396938818678
5,6,867,955,6,1,2.73701683432737
5,6,981,1055,6,1,2.73038297545047
5,6,1083,1171,6,1,3.5509723917543
5,6,1202,1306,6,1,3.67526208078966
5,6,2585,2632,6,2,4.58381643021227
5,6,2645,2695,6,2,4.34311689303963
5,6,2705,2755,6,2,3.80316455231856
5,6,2764,2814,6,2,3.69253865943455
5,6,2830,2881,6,2,4.08043632549803
5,6,2891,2946,6,2,3.73590737388677
5,6,2959,3009,6,2,4.06920822589411
5,6,3023,3077,6,2,3.9414778611793
5,6,3091,3144,6,2,3.90786935481669
5,6,3155,3211,6,2,3.87935875280308
5,6,4138,4209,6,3,4.18073187672294
5,6,4228,4299,6,3,3.0569080781801
5,6,4325,4393,6,3,3.09837018957505
5,6,4426,4496,6,1,6.70716707732872
5,6,4527,4591,6,3,3.15091612952179
5,6,4640,4693,6,3,3.86756819379393
5,6,4735,4796,6,1,6.62020309588957
5,6,4946,5002,6,2,5.38641340115355
5,6,5058,5111,6,3,3.7321908405228
5,7,31,124,7,1,2.37604107909469
5,7,141,229,7,1,2.41296119184644
5,7,249,336,7,1,2.21532845245883
5,7,355,437,7,1,2.24488663761922
5,7,463,551,7,1,2.88642908420277
5,7,569,656,7,1,2.46628558847104
5,7,676,753,7,1,2.63606752747578
5,7,771,855,7,1,2.61511652825159
5,7,879,963,7,1,3.23317573615284
5,7,981,1073,7,1,2.7224752437388
5,7,1714,1743,7,2,9.06178630128032
5,7,2564,2613,7,2,3.48934482431061
5,7,2619,2674,7,2,3.42736670287615
5,7,2682,2736,7,1,3.20383254106872
5,7,2747,2801,7,1,2.97423776772479
5,7,2807,2861,7,2,2.95347515177023
5,7,2865,2919,7,1,2.83070268557799
5,7,2924,2979,7,2,2.46245980427405
5,7,2991,3045,7,2,2.6420189870774
5,7,3060,3108,7,2,3.30425663635678
5,7,3120,3175,7,2,3.03165970652729
5,7,4051,4139,7,3,2.39932770354157
5,7,4164,4243,7,3,2.50897312238759
5,7,4267,4348,7,3,2.44679970961997
5,7,4376,4457,7,3,3.14797942775414
5,7,4471,4556,7,3,3.12258733657862
5,7,4587,4669,7,3,3.0931043611307
5,7,4669,4754,7,3,2.58500693762725
5,7,4757,4839,7,3,2.53664039984902
5,7,4847,4926,7,3,2.6625339701574
5,7,4945,5035,7,3,2.3838590641952
5,8,28,129,8,1,2.2376073883747
5,8,148,231,8,1,2.0625370092124
5,8,252,337,8,1,2.10688631086307
5,8,353,444,8,1,2.14067095795978
5,8,461,538,8,1,2.35936997148281
5,8,566,648,8,1,2.57277791280861
5,8,663,743,8,1,2.36984534560113
5,8,766,844,8,1,2.40702895243664
5,8,865,946,8,1,2.42750657218882
5,8,958,1047,8,1,2.51979833673751
5,8,2563,2618,8,1,2.45959745753678
5,8,2631,2684,8,2,2.83692805786361
5,8,2699,2747,8,2,3.55177663443229
5,8,2763,2806,8,2,3.40222193129809
5,8,2836,2883,8,2,2.8346029889721
5,8,2904,2946,8,2,3.50513975062859
5,8,2962,3017,8,1,2.17896932808679
5,8,3037,3072,8,2,4.00000840387297
5,8,3090,3148,8,1,3.7672775890518
5,8,3155,3210,8,1,2.57842292480804
5,8,4107,4188,8,3,2.13082661324263
5,8,4207,4285,8,3,2.41210109131246
5,8,4307,4388,8,3,2.65203674212287
5,8,4412,4485,8,3,2.46586398939464
5,8,4507,4588,8,3,2.65354318238781
5,8,4598,4682,8,3,2.70118860875781
5,8,4697,4779,8,3,2.55210315651965
5,8,4797,4873,8,3,2.54815785677701
5,8,4891,4975,8,3,2.54483820529824
5,8,4993,5067,8,3,2.49466691556672
